Party,Type,Counts,Prohibited act,Amount,Date
"Soil Works, LLC",Fertilizer notice of violation,1,ORS 633.366(1)(a),,06/24/2018
"Land View, Inc.",Fertilizer notice of violation,7,ORS 633.366(1)(e),,06/21/2018
"Land View, Inc.",Fertilizer notice of violation,4,ORS 633.366(1)(a),,06/21/2018
"Faust Bio-Agricultural Service, Inc.",Fertilizer notice of violation,1,ORS 633.366(1)(a),,06/20/2018
Bertels B.V.,Fertilizer notice of violation,1,ORS 633.366(1)(a),,05/25/2018
Bertels B.V.,Fertilizer civil penalty,1,ORS 633.366(1)(c),$250,05/25/2018
"Easy Gardener Products, Inc.",Fertilizer notice of violation,1,ORS 633.366(1)(e),,05/24/2018
"Easy Gardener Products, Inc.",Fertilizer civil penalty,2,ORS 633.366(1)(a),$250,05/24/2018
Sensational Solutions LLC,Fertilizer civil penalty,1,ORS 633.366(1)(a),$125,05/23/2018
Growth Products Ltd.,Fertilizer civil penalty,2,ORS 633.366(1)(e),$250,05/23/2018
Sensational Solutions LLC,Fertilizer notice of violation,1,ORS 633.366(1)(e),,05/23/2018
"Wal-Mart Stores, Inc.",Fertilizer civil penalty,2,ORS 633.366(1)(j),"$1,000",05/22/2018
"Marion Ag Service, Inc.",Fertilizer civil penalty,1,ORS 633.366(1)(a),$125,05/22/2018
CHS Inc.,Fertilizer notice of violation,3,ORS 633.366(1)(e),,05/17/2018
"RX Green Solutions, LLC",Fertilizer civil penalty,1,ORS 633.366(1)(a),$375,05/17/2018
CHS Inc.,Fertilizer notice of violation,4,ORS 633.366(1)(a),,05/17/2018
"CNI Agriminerals, LLC",Fertilizer notice of violation,1,ORS 633.366(1)(a),,05/17/2018
"Imagine Custom Landscape, Inc. (OG BIOWAR)",Fertilizer notice of violation,2,ORS 633.366(1)(e),,04/22/2018
"Earthfort, LLC",Fertilizer civil penalty,1,ORS 633.366(1)(a),$375,04/22/2018
"Plant Revolution, Inc.",Fertilizer notice of violation,1,ORS 633.366(1)(a),,04/15/2018
Ecological Laboratories Inc.,Fertilizer civil penalty,1,ORS 633.366(1)(a),$125,03/18/2018
OG Tea Company,Fertilizer civil penalty,1,ORS 633.366(1)(a),$125,03/16/2018
"Conscious Earthworks, L.L.C.",Fertilizer civil penalty,1,ORS 633.366(1)(a),$375,03/14/2018
"Mycorrhizal Applications, LLC",Fertilizer civil penalty,2,ORS 633.366(1)(a),$250,03/14/2018
"Two Rivers Terminal, LLC",Fertilizer civil penalty,3,ORS 633.366(1)(e),"$7,500",02/28/2018
DL Wholesale Inc.,Fertilizer civil penalty,10,ORS 633.366(1)(e),"$1,250",02/28/2018
Helena Chemical Company,Fertilizer civil penalty,3,ORS 633.366(1)(e),$375,02/28/2018
"Two Rivers Terminal, LLC",Fertilizer civil penalty,16,ORS 633.366(1)(a),"$6,000",02/28/2018
Helena Chemical Company,Fertilizer civil penalty,4,ORS 633.366(1)(a),$500,02/28/2018
"Down to Earth Distributors, Inc.",Fertilizer civil penalty,4,ORS 633.366(1)(a),"$1,500",02/27/2018
"Hydrofarm, Inc.",Fertilizer civil penalty,3,ORS 633.366(1)(e),"$1,125",02/27/2018
Paradise Supply Inc.,Fertilizer civil penalty,1,ORS 633.366(1)(j),$500,02/27/2018
"Bloom Brothers Garden Supply, Inc.",Fertilizer civil penalty,1,ORS 633.366(1)(c),$250,02/25/2018
"Bloom Brothers Garden Supply, Inc.",Fertilizer civil penalty,1,ORS 633.366(1)(a),$125,02/25/2018
Biodiversity Products,Fertilizer notice of violation,1,ORS 633.366(1)(a),,02/23/2018
The Espoma Company,Fertilizer civil penalty,5,ORS 633.366(1)(a),$625,02/21/2018
The Espoma Company,Fertilizer civil penalty,1,ORS 633.366(1)(c),$250,02/21/2018
"Dr. Earth, Inc.",Fertilizer civil penalty,10,ORS 633.366(1)(a),"$25,000",02/18/2018
Soil Basics Corporation,Fertilizer notice of violation,1,ORS 633.366(1)(a),,02/15/2018
Soil Basics Corporation,Fertilizer notice of violation,1,ORS 633.366(1)(e),,02/15/2018
"Florikan-E.S.A., LLC",Fertilizer civil penalty,9,ORS 633.366(1)(a),"$3,375",02/11/2018
"Florikan-E.S.A., LLC",Fertilizer civil penalty,5,ORS 633.366(1)(e),$625,02/11/2018
Tiger-Sul Products LLC,Fertilizer civil penalty,1,ORS 633.366(1)(e),$125,02/11/2018
Advanced Nutrients,Fertilizer civil penalty,4,ORS 633.366(1)(a),"$1,500",02/07/2018
Advanced Nutrients,Fertilizer civil penalty,1,ORS 633.366(1)(c),$250,02/07/2018
"Greengro, LLC",Fertilizer notice of violation,2,ORS 633.366(1)(a),,02/07/2018
Supreme Growers LLC,Fertilizer notice of violation,3,ORS 633.366(1)(a),,02/06/2018
Supreme Growers LLC,Fertilizer notice of violation,1,ORS 633.366(1)(e),,02/06/2018
Green Planet Wholesale Ltd. (H.I.T. Manufacturing),Fertilizer civil penalty,2,ORS 633.366(1)(e),$250,02/05/2018
Wilbur-Ellis Company LLC,Fertilizer notice of violation,27,ORS 633.366(1)(e),,02/05/2018
Green Planet Wholesale Ltd. (H.I.T. Manufacturing),Fertilizer civil penalty,1,ORS 633.366(1)(a),$375,02/05/2018
"Organic Laboratories, Inc.",Fertilizer notice of violation,1,ORS 633.366(1)(a),,02/05/2018
Green Planet Wholesale Ltd. (H.I.T. Manufacturing),Fertilizer civil penalty,1,ORS 633.366(1)(c),$250,02/05/2018
Wilbur-Ellis Company LLC,Fertilizer notice of violation,20,ORS 633.366(1)(a),,02/05/2018
"Bio Huma Netics, Inc.",Fertilizer notice of violation,2,ORS 633.366(1)(e),,01/25/2018
Stover Seed Co.,Fertilizer notice of violation,1,ORS 633.366(1)(e),,01/25/2018
Graymont Western Canada Inc.,Fertilizer civil penalty,2,ORS 633.366(1)(j),"$1,000",01/18/2018
Graymont Western Canada Inc.,Fertilizer civil penalty,2,ORS 633.366(1)(a),$250,01/18/2018
"Olivia's Solutions, Inc.",Fertilizer notice of violation,1,ORS 633.366(1)(a),,01/16/2018
"Olivia's Solutions, Inc.",Fertilizer civil penalty,1,ORS 633.366(1)(c),$250,01/16/2018
"Marco Industries, Inc.",Fertilizer civil penalty,1,ORS 633.366(1)(e),$125,01/11/2018
"Marco Industries, Inc.",Fertilizer civil penalty,1,ORS 633.366(1)(c),$250,01/11/2018
"Marco Industries, Inc.",Fertilizer civil penalty,1,ORS 633.366(1)(a),$125,01/11/2018
Emerald Harvest,Fertilizer civil penalty,3,ORS 633.366(1)(c),$750,01/09/2018
Technalfora Plant Products Ltd.,Fertilizer civil penalty,1,ORS 633.366(1)(a),"$2,500",01/09/2018
Technalfora Plant Products Ltd.,Fertilizer civil penalty,1,ORS 633.366(1)(c),$250,01/09/2018
3G Green Garden Group LLC (Emerald Harvest),Fertilizer notice of violation,3,ORS 633.366(1)(a),,01/09/2018
"Hydroponic Research, Inc.",Fertilizer notice of violation,1,ORS 633.366(1)(a),,12/18/2017
"Precision Laboratories, LLC",Fertilizer notice of violation,,ORS 633.366(1)(a),,12/17/2017
"Lignotech USA, Inc.",Fertilizer notice of violation,1,ORS 633.366(1)(e),,12/17/2017
"Lignotech USA, Inc.",Fertilizer notice of violation,1,ORS 633.366(1)(a),,12/17/2017
"Potentgrow, LLC",Fertilizer notice of violation,,ORS 633.366(1)(a),,12/12/2017
NutriAg Ltd.,Fertilizer notice of violation,3,ORS 633.366(1)(a),,12/11/2017
Solucal-USA Ltd.,Fertilizer notice of violation,,ORS 633.366(1)(e),,12/10/2017
"PCS Sales (USA), Inc.",Fertilizer notice of violation,,ORS 633.366(1)(a),,12/10/2017
Dragonfly Earth Medicine,Fertilizer notice of violation,4,ORS 633.366(1)(a),,12/08/2017
"Greenacres Gyspum & Lime, Inc",Fertilizer notice of violation,1,ORS 633.366(1)(a),,11/15/2017
"Greenacres Gyspum & Lime, Inc",Fertilizer notice of violation,1,ORS 633.366(1)(e),,11/15/2017
"Stumptown Nutrients, LLC",Fertilizer notice of violation,7,ORS 633.366(1)(e),,11/12/2017
"Stumptown Nutrients, LLC",Fertilizer notice of violation,4,ORS 633.366(1)(a),,11/12/2017
"Elevation Organics, Inc.",Fertilizer notice of violation,6,ORS 633.366(1)(e),,11/09/2017
"Biological Crop Solutions, LLC",Fertilizer notice of violation,14,ORS 633.366(1)(e),,11/09/2017
"Biological Crop Solutions, LLC",Fertilizer notice of violation,7,ORS 633.366(1)(a),,11/09/2017
"Elevation Organics, Inc.",Fertilizer notice of violation,2,ORS 633.366(1)(a),,11/09/2017
"Ag Specialties, LLC",Fertilizer notice of violation,1,ORS 633.366(1)(a),,09/27/2017
Clayton's Calcium Inc.,Fertilizer notice of violation,2,ORS 633.366(1)(a),,09/27/2017
"L & L Nursery Supply, Inc.",Fertilizer notice of violation,1,ORS 633.366(1)(e),,09/27/2017
Sun Gro Horticulture Distribution Inc.,Fertilizer civil penalty,1,ORS 633.366(1)(a),"$2,500",09/13/2017
Sun Gro Horticulture Distribution Inc.,Fertilizer civil penalty,25,ORS 633.366(1)(e),"$62,500",09/13/2017
The Scotts Miracle-Gro Company,Fertilizer notice of violation,8,ORS 633.366(1)(a),,09/12/2017
The Scotts Miracle-Gro Company,Fertilizer notice of violation,1,ORS 633.366(1)(e),,09/12/2017
"JH Biotech, Inc.",Fertilizer notice of violation,1,ORS 633.366(1)(e),,09/03/2017
"Sunlight Supply, Inc (National Garden Wholesale)",Fertilizer civil penalty,3,ORS 633.366(1)(e),"$1,125",09/03/2017
Burningham Enterprises,Fertilizer notice of violation,1,ORS 633.366(1)(a),,08/27/2017
"Diversified Waterscapes, Inc.",Fertilizer notice of violation,2,ORS 633.366(1)(a),,08/27/2017
Redwood Nursery,Fertilizer notice of violation,2,ORS 633.366(1)(e),,08/24/2017
"J.R. Peters, Inc.",Fertilizer notice of violation,1,ORS 633.366(1)(e),,08/23/2017
"J.R. Peters, Inc.",Fertilizer civil penalty,1,ORS 633.366(1)(g),$500,08/23/2017
"J.R. Peters, Inc.",Fertilizer civil penalty,1,ORS 633.366(1)(a),$375,08/23/2017
"J.R. Peters, Inc.",Fertilizer notice of violation,1,ORS 633.366(1)(n),,08/23/2017
Douglass County Farmers Co-Op,Fertilizer notice of violation,2,ORS 633.366(1)(a),,08/22/2017
"Crop Production Services, Inc.",Fertilizer civil penalty,8,ORS 633.366(1)(e),"$3,000",07/31/2017
"Loveland Products, Inc.",Fertilizer civil penalty,3,ORS 633.366(1)(a),"$1,125",07/31/2017
"Left Coast Wholesale (RBD Online, Inc.)",Fertilizer notice of violation,1,ORS 633.366(1)(e),,07/31/2017
"Crop Production Services, Inc.",Fertilizer civil penalty,3,ORS 633.366(1)(a),"$1,125",07/31/2017
"Crop Production Services, Inc.",Fertilizer civil penalty,1,ORS 633.366(1)(j),$500,07/31/2017
"Nyco Minerals, Inc.",Fertilizer notice of violation,1,ORS 633.366(1)(e),,06/20/2017
"Nyco Minerals, Inc.",Fertilizer civil penalty,5,ORS 633.366(1)(g),"$2,500",06/20/2017
"Nyco Minerals, Inc.",Fertilizer notice of violation,4,ORS 633.366(1)(n),,06/20/2017
"Nyco Minerals, Inc.",Fertilizer notice of violation,1,ORS 633.366(1)(a),,06/20/2017
Keg River Chemical Corp.,Fertilizer civil penalty,1,ORS 633.366(1)(a),$125,06/18/2017
Reforestation Technologies International,Fertilizer civil penalty,1,ORS 633.366(1)(e),$375,06/17/2017
"Koch Agonomic Services, LLC",Fertilizer civil penalty,1,ORS 633.366(1)(a),$125,06/15/2017
Ladybug Indoor Gardens,Fertilizer civil penalty,1,ORS 633.366(1)(j),$500,06/15/2017
"J.A. Jack & Sons, Inc.",Fertilizer civil penalty,1,ORS 633.366(1)(a),$125,06/14/2017
A.N.H. Enterprises Corporation (Plan B Organics),Fertilizer civil penalty,1,ORS 633.366(1)(a),$125,06/14/2017
"Kellogg Supply, Inc.",Fertilizer civil penalty,4,ORS 633.366(1)(a),"$1,500",06/14/2017
Central Garden & Pet Company,Fertilizer civil penalty,4,ORS 633.366(1)(a),"$10,000",06/13/2017
Central Garden & Pet Company,Fertilizer civil penalty,2,ORS 633.366(1)(e),"$5,000",06/13/2017
Kronos Micronutrients LP,Fertilizer notice of violation,1,ORS 633.366(1)(a),,06/08/2017
"Green Air Products, Inc.",Fertilizer notice of violation,6,ORS 633.366(1)(e),,06/08/2017
"Perfect Blend, LLC",Fertilizer civil penalty,1,ORS 633.366(1)(a),"$2,500",05/22/2017
"Humboldt Wholesale, Inc",Fertilizer civil penalty,9,ORS 633.366(1)(e),"$3,375",05/22/2017
Erachem Mexico SA DE CV,Fertilizer notice of violation,1,ORS 633.366(1)(a),,05/15/2017
Erachem Mexico SA DE CV,Fertilizer notice of violation,1,ORS 633.366(1)(e),,05/15/2017
"Sequoia Garden Supply, Inc. (Current Culture H2O)",Fertilizer notice of violation,6,ORS 633.366(1)(a),,05/14/2017
"Lawn & Garden Products, Inc.",Fertilizer notice of violation,1,ORS 633.366(1)(a),,05/09/2017
"Rapidgrow Industries, Inc.",Fertilizer notice of violation,1,ORS 633.366(1)(a),,05/07/2017
"Plant Health, LLC",Fertilizer notice of violation,1,ORS 633.366(1)(a),,05/04/2017
"Advancing Eco-Agriculture, LLC",Fertilizer notice of violation,1,ORS 633.366(1)(e),,05/04/2017
"Actagro, LLC",Fertilizer notice of violation,5,ORS 633.366(1)(a),,05/04/2017
"Everris NA, Inc.",Fertilizer notice of violation,1,ORS 633.366(1)(a),,05/04/2017
"Plant Health, LLC",Fertilizer notice of violation,1,ORS 633.366(1)(i),,05/04/2017
"Arysta Lifescience America, Inc.",Fertilizer notice of violation,1,ORS 633.366(1)(e),,05/04/2017
"Lane Forest Products, Inc.",Fertilizer notice of violation,16,ORS 633.366(1)(a),,04/06/2017
"Lane Forest Products, Inc.",Fertilizer notice of violation,16,ORS 633.366(1)(e),,04/06/2017
"Waupaca Northwoods, LLC",Fertilizer civil penalty,1,ORS 633.366(1)(a),$125,02/20/2017
"West Coast Horticulture, LLC",Fertilizer notice of violation,1,ORS 633.366(1)(a),,02/19/2017
"West Coast Horticulture, LLC",Fertilizer notice of violation,6,ORS 633.366(1)(e),,02/19/2017
J.R. Simplot Company,Fertilizer civil penalty,9,ORS 633.366(1)(e),$843.75,02/17/2017
J.R. Simplot Company,Fertilizer civil penalty,6,ORS 633.366(1)(a),"$11,250",02/17/2017
"Easy Gardener Products, Inc.",Fertilizer civil penalty,6,ORS 633.366(1)(a),$750,02/15/2017
"Fred Meyer Stores, Inc.",Fertilizer civil penalty,3,ORS 633.366(1)(e),$375,02/12/2017
"Vital Landscaping, Inc.",Fertilizer notice of violation,2,ORS 633.366(1)(e),,01/31/2017
"Vital Landscaping, Inc.",Fertilizer notice of violation,4,ORS 633.366(1)(a),,01/31/2017
"ABC Organics, Inc.",Fertilizer notice of violation,1,ORS 633.366(1)(e),,01/25/2017
"ABC Organics, Inc.",Fertilizer notice of violation,1,ORS 633.366(1)(a),,01/25/2017
Dragonfly Earth Medicine,Fertilizer notice of violation,7,ORS 633.366(1)(a),,01/23/2017
"Rhizoflora, Inc.",Fertilizer notice of violation,1,ORS 633.366(1)(c),,01/05/2017
Golden Roots Agriculture Supply (Goldenroots),Fertilizer notice of violation,1,ORS 633.366(1)(a),,01/05/2017
Lebanon Seaboard Corporation,Fertilizer civil penalty,2,ORS 633.366(1)(a),$750,11/30/2016
"Concentrates, Inc.",Fertilizer civil penalty,1,ORS 633.366(1)(j),"$1,500",11/03/2016
"AZ Enterprises, Inc.",Fertilizer notice of violation,1,ORS 633.366(1)(e),,10/25/2016
"AZ Enterprises, Inc.",Fertilizer notice of violation,1,ORS 633.366(1)(a),,10/25/2016
"Central Oregon Basalt Products, LLC",Fertilizer civil penalty,1,ORS 633.366(1)(a),$125,10/12/2016
Oregon's Only Organics Co.,Fertilizer civil penalty,1,ORS 633.366(1)(a),$375,10/12/2016
"Central Oregon Basalt Products, LLC",Fertilizer civil penalty,1,ORS 633.366(1)(j),$500,10/12/2016
"Central Oregon Basalt Products, LLC",Fertilizer civil penalty,1,ORS 633.366(1)(e),$125,10/12/2016
"Santiam Organics, LLC",Fertilizer civil penalty,7,ORS 633.366(1)(a),$875,10/11/2016
"Santiam Organics, LLC",Fertilizer notice of violation,3,ORS 633.366(1)(m),,10/11/2016
"Santiam Organics, LLC",Fertilizer notice of violation,3,ORS 633.366(1)(n),,10/11/2016
"A.N.H. Enterprises Corporation (Plan ""B"" Organics)",Fertilizer civil penalty,1,ORS 633.366(1)(a),$125,10/11/2016
"Santiam Organics, LLC",Fertilizer notice of violation,8,ORS 633.366(1)(e),,10/11/2016
"Aurora Innovations, Inc.",Fertilizer civil penalty,1,ORS 633.366(1)(a),$375,10/11/2016
"Rexius Forest By-Products, Inc.",Fertilizer civil penalty,1,ORS 633.366(1)(a),$125,10/11/2016
"Santiam Organics, LLC",Fertilizer civil penalty,6,ORS 633.366(1)(j),"$3,000",10/11/2016
Grow More Inc.,Fertilizer notice of violation,2,ORS 633.366(1)(a),,09/05/2016
"Sensational Solutions, LLC",Fertilizer notice of violation,3,ORS 633.366(1)(a),,09/05/2016
"Aquascape Designs, Inc.",Fertilizer notice of violation,1,ORS 633.366(1)(a),,09/05/2016
Liquinox Company,Fertilizer notice of violation,1,ORS 633.366(1)(a),,09/04/2016
"Mycorrhizal Applications, LLC",Fertilizer notice of violation,1,ORS 633.366(1)(a),,09/04/2016
"Seachem Laboratories, Inc.",Fertilizer notice of violation,6,ORS 633.366(1)(a),,09/04/2016
QC Corporation,Fertilizer notice of violation,1,ORS 633.366(1)(a),,07/18/2016
"Fitzmaurice Fertilizer, Inc.",Fertilizer notice of violation,1,ORS 633.366(1)(a),,07/05/2016
"Dakine 420, LLC",Fertilizer civil penalty,2,ORS 633.366(1)(g),"$1,000",06/29/2016
Hydro-Organics Wholesale (OGM),Fertilizer civil penalty,1,ORS 633.366(1)(a),$375,06/28/2016
"American Agritech, LLC (Botanicare)",Fertilizer civil penalty,6,ORS 633.366(1)(a),$750,06/27/2016
"ENCAP, LLC",Fertilizer civil penalty,1,ORS 633.366(1)(e),$125,06/27/2016
Growth Products Ltd.,Fertilizer civil penalty,2,ORS 633.366(1)(a),$250,06/27/2016
Beneficial Biologics,Fertilizer civil penalty,1,ORS 633.366(1)(e),$125,06/26/2016
"RX Green Solutions, LLC",Fertilizer civil penalty,3,ORS 633.366(1)(e),$375,06/26/2016
"Frit Industries, Inc.",Fertilizer civil penalty,2,ORS 633.366(1)(a),$250,06/26/2016
"RX Green Solutions, LLC",Fertilizer civil penalty,2,ORS 633.366(1)(a),$250,06/26/2016
"Two Rivers Terminal, LLC",Fertilizer civil penalty,2,ORS 633.366(1)(a),$250,06/26/2016
"Two Rivers Terminal, LLC",Fertilizer civil penalty,3,ORS 633.366(1)(e),$375,06/26/2016
"KWS Distributing, LLC",Fertilizer civil penalty,6,ORS 633.366(1)(e),$750,06/24/2016
"KWS Distributing, LLC",Fertilizer civil penalty,3,ORS 633.366(1)(a),$375,06/24/2016
The Guano Company,Fertilizer notice of violation,1,ORS 633.366(1)(e),,06/22/2016
The Guano Company,Fertilizer civil penalty,1,ORS 633.366(1)(j),$375,06/22/2016
"General Hydroponics, Inc.",Fertilizer civil penalty,9,ORS 633.366(1)(a),"$1,125",06/09/2016
"General Hydroponics, Inc.",Fertilizer civil penalty,10,ORS 633.366(1)(e),"$1,250",06/09/2016
"General Hydroponics, Inc.",Fertilizer civil penalty,5,ORS 633.366(1)(j),"$2,500",06/09/2016
Central Garden & Pet Company,Fertilizer civil penalty,12,ORS 633.366(1)(e),"$1,500",06/08/2016
"Canadian Humalite International, Inc.",Fertilizer notice of violation,2,ORS 633.366(1)(a),,06/08/2016
Central Garden & Pet Company,Fertilizer civil penalty,2,ORS 633.366(1)(a),$750,06/08/2016
"Canadian Humalite International, Inc.",Fertilizer notice of violation,3,ORS 633.366(1)(e),,06/08/2016
C.S.I. Chemical Corporation,Fertilizer notice of violation,1,ORS 633.366(1)(a),,06/06/2016
"Rentech Nitrogen Pasadena, LLC",Fertilizer notice of violation,1,ORS 633.366(1)(e),,06/06/2016
"Organic Bountea, LLC",Fertilizer notice of violation,1,ORS 633.366(1)(a),,06/06/2016
Helena Chemical Company,Fertilizer notice of violation,2,ORS 633.366(1)(a),,06/06/2016
Helena Chemical Company,Fertilizer notice of violation,1,ORS 633.366(1)(e),,06/06/2016
The Espoma Company,Fertilizer notice of violation,2,ORS 633.366(1)(e),,06/05/2016
Baicor LC,Fertilizer notice of violation,1,ORS 633.366(1)(a),,06/05/2016
"Imagine Custom Landscape, Inc. (OG Biowar)",Fertilizer notice of violation,2,ORS 633.366(1)(a),,06/05/2016
"Rentech Nitrogen Pasadena, LLC",Fertilizer notice of violation,1,ORS 633.366(1)(a),,06/05/2016
Lind Marine Incorporated,Fertilizer notice of violation,1,ORS 633.366(1)(a),,06/05/2016
"Ferti-Organic, Inc.",Fertilizer notice of violation,1,ORS 633.366(1)(a),,06/05/2016
"Purely Organic Products, LLC",Fertilizer notice of violation,2,ORS 633.366(1)(a),,06/05/2016
"Ferti-Organic, Inc.",Fertilizer notice of violation,1,ORS 633.366(1)(e),,06/05/2016
"Purely Organic Products, LLC",Fertilizer notice of violation,49,ORS 633.366(1)(e),,06/05/2016
Polk County Farmers' Co-op (AG West Supply),Fertilizer notice of violation,1,ORS 633.366(1)(e),,06/05/2016
"Bridgewell Resources, LLC",Fertilizer notice of violation,1,ORS 633.366(1)(e),,06/03/2016
"Master Plant-Prod, Inc.",Fertilizer notice of violation,3,ORS 633.366(1)(a),,06/02/2016
Jim Hicks and Co.,Fertilizer notice of violation,1,ORS 633.366(1)(e),,04/16/2016
"Bio-Organic Solutions, Inc. (Vermicrop Organics)",Fertilizer civil penalty,1,ORS 633.366(1)(a),$125,03/22/2016
Thurlow & Associates,Fertilizer notice of violation,1,ORS 633.366(1)(e),,03/20/2016
"UF Granular Fertilizers, LLC",Fertilizer civil penalty,1,ORS 633.366(1)(a),$125,03/13/2016
Hydroponix,Fertilizer notice of violation,1,ORS 633.366(1)(a),,03/08/2016
Nachurs Alpine Solutions Corp.,Fertilizer notice of violation,4,ORS 633.366(1)(e),,03/08/2016
Nachurs Apline Solutions Corp.,Fertilizer notice of violation,7,ORS 633.366(1)(a),,03/08/2016
"J.B. Instant Lawn, Inc.",Fertilizer notice of violation,1,ORS 633.366(1)(e),,03/08/2016
Nachurs Alpine Solutions Corp.,Fertilizer civil penalty,1,ORS 633.366(1)(g),$500,03/08/2016
Hydroponix,Fertilizer notice of violation,5,ORS 633.366(1)(e),,03/08/2016
Hocking International Laboratories Incorporated,Fertilizer notice of violation,2,ORS 633.366(1)(e),,03/07/2016
"ENP, Inc. (Age Old Organics)",Fertilizer civil penalty,1,ORS 633.366(1)(a),$125,03/07/2016
"Paradigm Ag Solutions, LLC",Fertilizer notice of violation,1,ORS 633.366(1)(a),,03/07/2016
"SJ Enterprises Pty., Ltd.",Fertilizer civil penalty,2,ORS 633.366(1)(a),$250,03/07/2016
"Eagle Eye Marketing Group, Inc.",Fertilizer notice of violation,1,ORS 633.366(1)(a),,03/03/2016
"Eagle Eye Marketing Group, Inc.",Fertilizer notice of violation,1,ORS 633.366(1)(e),,03/03/2016
"BioBizz NA, LLC",Fertilizer notice of violation,3,ORS 633.366(1)(a),,03/02/2016
"Humboldt Nutrients, LLC",Fertilizer civil penalty,2,ORS 633.366(1)(a),$250,02/16/2016
"Sunlight Supply, Inc. (National Garden Wholesale)",Fertilizer civil penalty,8,ORS 633.366(1)(e),"$1,000",02/04/2016
"Sunlight Supply, Inc. (National Garden Wholesale)",Fertilizer civil penalty,1,ORS 633.366(1)(a),$125,02/04/2016
"Stoller Enterprises, Inc.",Fertilizer notice of violation,4,ORS 633.366(1)(a),,01/25/2016
"Ecological Laboratories, Inc.",Fertilizer notice of violation,1,ORS 633.366(1)(a),,01/25/2016
"DL Wholesale, Inc.",Fertilizer notice of violation,1,ORS 633.366(1)(a),,01/25/2016
"DL Wholesale, Inc.",Fertilizer notice of violation,2,ORS 633.366(1)(e),,01/25/2016
"Pure Life Veganix, LLC",Fertilizer notice of violation,2,ORS 633.366(1)(a),,01/24/2016
Dyna-Gro,Fertilizer notice of violation,1,ORS 633.366(1)(a),,01/24/2016
OG Tea Party,Fertilizer notice of violation,1,ORS 633.366(1)(c),,01/24/2016
Dyna-Gro,Fertilizer notice of violation,4,ORS 633.366(1)(e),,01/24/2016
"Custom Ag Formulators, Inc.",Fertilizer notice of violation,1,ORS 633.366(1)(e),,01/24/2016
"Custom Ag Formulators, Inc.",Fertilizer notice of violation,1,ORS 633.366(1)(a),,01/24/2016
OG Tea Party,Fertilizer notice of violation,2,ORS 633.366(1)(a),,01/24/2016
"Agro Solutions USA, LLC",Fertilizer notice of violation,2,ORS 633.366(1)(e),,01/24/2016
"The Green Avengers, LLC",Fertilizer notice of violation,1,ORS 633.366(1)(a),,11/16/2015
Emerald Triangle Products,Fertilizer notice of violation,1,ORS 633.366(1)(e),,11/08/2015
Emerald Triangle Products,Fertilizer civil penalty,1,ORS 633.366(1)(a),$125,11/08/2015
"Sensi Science Organics, LLC",Fertilizer notice of violation,6,ORS 633.366(1)(e),,11/04/2015
Kellogg Supply Inc.,Fertilizer civil penalty,2,ORS 633.366(1)(a),$250,11/02/2015
"Plant Revolution, Inc.",Fertilizer civil penalty,1,ORS 633.366(1)(e),$125,11/02/2015
"Sun Gro Horticulture Distribution, Inc.",Fertilizer civil penalty,2,ORS 633.366(1)(e),$500,10/29/2015
Advance Nutrients,Fertilizer civil penalty,2,ORS 633.366(1)(a),$250,10/28/2015
Advanced Nutrients,Fertilizer notice of violation,2,ORS 633.366(1)(e),,10/28/2015
"Cutting Edge Solutions, LLC",Fertilizer notice of violation,7,ORS 633.366(1)(a),,10/28/2015
"Cutting Edge Solutions, LLC",Fertilizer notice of violation,9,ORS 633.366(1)(e),,10/28/2015
"Monty's Plant Food Co., Inc.",Fertilizer notice of violation,2,ORS 633.366(1)(a),,10/28/2015
"Aurora Innovations, Inc.",Fertilizer notice of violation,2,ORS 633.366(1)(e),,10/27/2015
Nutrilife Plant Products,Fertilizer notice of violation,3,ORS 633.366(1)(a),,10/26/2015
"Oregro Seeds, Inc.",Fertilizer notice of violation,2,ORS 633.366(1)(a),,10/21/2015
"Samurai Greenhouse Supply, Inc.",Fertilizer civil penalty,6,ORS 633.366(1)(j),"$3,000",10/21/2015
"Redox Chemicals, LLC",Fertilizer notice of violation,1,ORS 633.366(1)(e),,10/19/2015
"Monsees and Company, Inc. (Tradewinds Wholesale Garden Supplies)",Fertilizer notice of violation,1,ORS 633.366(1)(e),,10/18/2015
"Archipelago Bat Guano, LLC",Fertilizer notice of violation,1,ORS 633.366(1)(a),,10/18/2015
"Naomi's Organic Farm Supply, Inc.",Fertilizer notice of violation,8,ORS 633.366(1)(e),,10/16/2015
"Naomi's Organic Farm Supply, Inc.",Fertilizer notice of violation,8,ORS 633.366(1)(a),,10/16/2015
"Urban Farm Store, LLC",Fertilizer notice of violation,10,ORS 633.366(1)(a),,10/16/2015
"Urban Farm Store, LLC",Fertilizer notice of violation,10,ORS 633.366(1)(e),,10/16/2015
Oregon Grown,Fertilizer notice of violation,4,ORS 633.366(1)(a),,10/05/2015
Oregon Grown,Fertilizer notice of violation,4,ORS 633.366(1)(e),,10/05/2015
"Teufel Products Company, LLC",Fertilizer notice of violation,1,ORS 633.366(1)(e),,09/06/2015
"Savant Plant Technologies, LLC",Fertilizer notice of violation,1,ORS 633.366(1)(e),,09/06/2015
"Teufel Products Company, LLC",Fertilizer notice of violation,1,ORS 633.366(1)(a),,09/06/2015
"Savant Plant Technologies, LLC",Fertilizer notice of violation,1,ORS 633.366(1)(a),,09/06/2015
"Perfect Blend, LLC",Fertilizer civil penalty,5,ORS 633.366(1)(e),$468.75,08/12/2015
"Perfect Blend, LLC",Fertilizer civil penalty,7,ORS 633.366(1)(a),"$1,968.75",08/12/2015
"Brandt Consolidated, Inc.",Fertilizer civil penalty,1,ORS 633.366(1)(j),$500,08/03/2015
Lebanon Seaboard Corporation,Fertilizer civil penalty,3,ORS 633.366(1)(a),$375,08/02/2015
Oregon's Only Organics Co.,Fertilizer civil penalty,2,ORS 633.366(1)(a),$250,07/30/2015
Rock Holdings Pty. Ltd.,Fertilizer notice of violation,1,ORS 633.366(1)(c),,07/30/2015
J.R. Simplot Company,Fertilizer civil penalty,1,ORS 633.366(1)(a),$375,07/30/2015
Rock Holdings Pty. Ltd.,Fertilizer notice of violation,1,ORS 633.366(1)(a),,07/30/2015
"Oregon Global Distribution, Inc. (NPK Industries)",Fertilizer civil penalty,1,ORS 633.366(1)(a),$125,07/30/2015
"Conscious Earthworks, LLC",Fertilizer civil penalty,1,ORS 633.366(1)(a),$125,07/29/2015
